label,prompt,tokens_generated,ttft_seconds,tps,text
short,What is 2+2?,8,15.718,0.51,2 + 2 = 4
short,Name the capital of France.,8,10.275,0.78,The capital of France is Paris.
short,What colour is the sky?,29,16.601,1.75,"The sky is usually blue, but it can also be gray, green, or other colors depending on the time of day and weather conditions."
medium,Explain what a neural network is in simple terms.,200,94.111,2.13,"A neural network is a type of artificial intelligence (AI) system that mimics the way the human brain works. It consists of a series of interconnected nodes (neurons) that receive input data (inputs) and generate output data (outputs). The network is trained using a set of training data, which is a collection of examples of input-output pairs.

The input data is typically represented as a vector, which is a sequence of numbers or values. The network processes the input data by applying a series of operations called ""activations"" to each neuron. These operations are based on the properties of the neuron, such as the weighted sum of its inputs and the activation function.

The output data is generated by the network by applying the same operations to the neurons' outputs. The output is typically represented as a vector, which is a sequence of numbers or values.

The neural network is trained using a process called backpropagation"
medium,What are the main differences between Python and J,200,77.888,2.57,"Python and JavaScript are two widely used programming languages that are widely used in web development. Here are some key differences between Python and JavaScript:

1. Syntax:
Python is a dynamic language, which means that it dynamically evaluates the code as it runs. This means that the code can change dynamically based on the input. In contrast, JavaScript is a statically typed language, which means that the code is typed at compile time. This means that the code is fixed at compile time and cannot change dynamically.

2. Libraries:
Python has a large ecosystem of libraries and modules that can be used to enhance the functionality of the language. For example, Python has a built-in library called NumPy, which is a powerful library for numerical computing. JavaScript, on the other hand, has a limited ecosystem of libraries and modules.

3. Performance:
Python is known for its speed and efficiency, which makes it a popular choice for"
medium,Describe how the internet works in a few sentences,129,44.348,2.91,"The internet is a global network of interconnected computer networks that allows people and devices to communicate and share information over the internet. It works by using a network of routers, servers, and other devices to route data between users and devices. The internet is made up of several layers, including the physical layer (such as cables and wires), the data link layer (such as Ethernet and Wi-Fi), the network layer (such as TCP/IP), and the transport layer (such as HTTP and SMTP). Each layer works together to provide a secure, reliable, and scalable network for communication and data transfer."
long,Write a detailed explanation of how transformers w,200,86.263,2.32,"Transformers are a family of neural networks that have gained popularity in the field of machine learning. They are designed to model sequences of text or other data, and they use a transformer architecture to achieve this.

Transformers are based on the transformer model, which was introduced by the researchers of the University of Cambridge in 2017. The transformer model is a type of neural network that is designed to process sequences of data. It consists of a series of layers, each of which processes a different part of the sequence.

The transformer architecture is made up of several key components, including:

1. Encoder: This is the first layer of the transformer, which takes in a sequence of input tokens and produces a sequence of output tokens. The encoder is responsible for encoding the input sequence into a fixed-length vector.

2. Attention Mechanisms: The transformer uses attention mechanisms to attend to specific parts of"
long,Explain the entire process of how a web request tr,200,82.685,2.42,"A web request, also known as a HTTP request or HTTP request/response, is a series of messages between a client (e.g., a web browser) and a server. The process of how a web request travels from a browser to a server and back is as follows:

1. Client:
- The client sends a request to the server, typically through a web browser.
- The server receives the request and stores it in a cache or memory.
- The server sends a response back to the client, typically through a web browser.

2. DNS:
- The client sends a request to a DNS server, which resolves the client's IP address to a domain name.
- The DNS server sends the request to a DNS resolver, which resolves the domain name to an IP address.

3. TCP:
- The client sends a request to the server's IP address.
- The server's TCP"
